epoch,train_loss,validation_loss
1,3.0291976928710938,5.790218830108643
2,2.962129831314087,5.940974235534668
3,2.9555087089538574,5.9883832931518555
