{
  "features": [
    "local_x",
    "local_y",
    "local_z",
    "local_vx",
    "local_vy",
    "local_vz",
    "local_ax",
    "local_ay",
    "local_az",
    "roll_deg",
    "pitch_deg",
    "yaw_deg",
    "act_roll",
    "act_pitch",
    "act_yaw",
    "act_thrust",
    "output_mean",
    "output_std",
    "output_range",
    "battery_remaining",
    "vel_test_ratio",
    "pos_test_ratio",
    "hgt_test_ratio",
    "mag_test_ratio",
    "gps_eph",
    "gps_epv",
    "imu_accel_mag_mean",
    "imu_accel_mag_std",
    "imu_accel_mag_rms",
    "imu_accel_mag_ptp",
    "imu_accel_diff_rms",
    "imu_gyro_mag_mean",
    "imu_gyro_mag_std",
    "imu_gyro_mag_rms",
    "imu_gyro_mag_ptp",
    "imu_gyro_diff_rms",
    "output_hf_mean",
    "output_hf_std",
    "output_hf_ptp",
    "output_diff_rms"
  ],
  "medians": {
    "local_x": 0.06581282615661621,
    "local_y": 0.028980841860175133,
    "local_z": -15.017523765563965,
    "local_vx": 0.004128688480705023,
    "local_vy": 0.000534479389898479,
    "local_vz": -0.006443087477236986,
    "local_ax": 0.003588696476072073,
    "local_ay": -0.0014756150776520371,
    "local_az": 0.008748173713684082,
    "roll_deg": -0.36976948380470276,
    "pitch_deg": -0.03952547162771225,
    "yaw_deg": -1.8022809028625488,
    "act_roll": -1.6432000847999007e-05,
    "act_pitch": -0.00045193222467787564,
    "act_yaw": 3.4191481972811744e-05,
    "act_thrust": 0.26578471064567566,
    "output_mean": 1340.5,
    "output_std": 131.81109619140625,
    "output_range": 293.0,
    "battery_remaining": 0.699999988079071,
    "vel_test_ratio": 0.02998051792383194,
    "pos_test_ratio": 0.017944127321243286,
    "hgt_test_ratio": 0.0025850990787148476,
    "mag_test_ratio": 0.005084456875920296,
    "gps_eph": 0.29999998211860657,
    "gps_epv": 0.3999999761581421,
    "imu_accel_mag_mean": 9.801403045654297,
    "imu_accel_mag_std": 0.0752485990524292,
    "imu_accel_mag_rms": 9.802614212036133,
    "imu_accel_mag_ptp": 0.2722930908203125,
    "imu_accel_diff_rms": 0.07561255991458893,
    "imu_gyro_mag_mean": 0.010982785373926163,
    "imu_gyro_mag_std": 0.003912320360541344,
    "imu_gyro_mag_rms": 0.011745702475309372,
    "imu_gyro_mag_ptp": 0.014293466694653034,
    "imu_gyro_diff_rms": 0.0036546732299029827,
    "output_hf_mean": 1340.5,
    "output_hf_std": 0.04640863835811615,
    "output_hf_ptp": 0.1666259765625,
    "output_diff_rms": 0.08332408964633942
  },
  "scales": {
    "local_x": 33.87320327758789,
    "local_y": 0.8099832534790039,
    "local_z": 6.457540512084961,
    "local_vx": 1.2054591178894043,
    "local_vy": 0.043482065200805664,
    "local_vz": 0.8444682359695435,
    "local_ax": 0.0798737108707428,
    "local_ay": 0.07307534664869308,
    "local_az": 0.14440421760082245,
    "roll_deg": 1.5056493282318115,
    "pitch_deg": 8.918976783752441,
    "yaw_deg": 2.5475902557373047,
    "act_roll": 0.0009045249316841364,
    "act_pitch": 0.05061263218522072,
    "act_yaw": 0.0006940949242562056,
    "act_thrust": 0.0432010293006897,
    "output_mean": 29.333251953125,
    "output_std": 110.01342010498047,
    "output_range": 374.0,
    "battery_remaining": 0.1754576563835144,
    "vel_test_ratio": 0.025683071464300156,
    "pos_test_ratio": 0.011763160116970539,
    "hgt_test_ratio": 0.00430277781561017,
    "mag_test_ratio": 0.008033917285501957,
    "gps_eph": 1.0,
    "gps_epv": 1.0,
    "imu_accel_mag_mean": 0.0629415512084961,
    "imu_accel_mag_std": 0.024121947586536407,
    "imu_accel_mag_rms": 0.06380558013916016,
    "imu_accel_mag_ptp": 0.09129214286804199,
    "imu_accel_diff_rms": 0.025131382048130035,
    "imu_gyro_mag_mean": 0.017259525135159492,
    "imu_gyro_mag_std": 0.0026463058311492205,
    "imu_gyro_mag_rms": 0.017476167529821396,
    "imu_gyro_mag_ptp": 0.009467866271734238,
    "imu_gyro_diff_rms": 0.0014884870033711195,
    "output_hf_mean": 29.3232421875,
    "output_hf_std": 0.07739812880754471,
    "output_hf_ptp": 0.25,
    "output_diff_rms": 0.21469983458518982
  },
  "clip": 10.0,
  "fit_scope": "development train groups only"
}