{
  "features": [
    "local_x",
    "local_y",
    "local_z",
    "local_vx",
    "local_vy",
    "local_vz",
    "local_ax",
    "local_ay",
    "local_az",
    "roll_deg",
    "pitch_deg",
    "yaw_deg",
    "act_roll",
    "act_pitch",
    "act_yaw",
    "act_thrust",
    "output_mean",
    "output_std",
    "output_range",
    "battery_remaining",
    "vel_test_ratio",
    "pos_test_ratio",
    "hgt_test_ratio",
    "mag_test_ratio",
    "gps_eph",
    "gps_epv",
    "imu_accel_mag_mean",
    "imu_accel_mag_std",
    "imu_accel_mag_rms",
    "imu_accel_mag_ptp",
    "imu_accel_diff_rms",
    "imu_gyro_mag_mean",
    "imu_gyro_mag_std",
    "imu_gyro_mag_rms",
    "imu_gyro_mag_ptp",
    "imu_gyro_diff_rms",
    "output_hf_mean",
    "output_hf_std",
    "output_hf_ptp",
    "output_diff_rms"
  ],
  "medians": {
    "local_x": 7.482673645019531,
    "local_y": 0.05087309330701828,
    "local_z": -14.996880531311035,
    "local_vx": 0.008875098079442978,
    "local_vy": -0.00012173056893516332,
    "local_vz": -0.005331956781446934,
    "local_ax": 0.0030857804231345654,
    "local_ay": -0.002229562494903803,
    "local_az": 0.010656006634235382,
    "roll_deg": -0.18610958755016327,
    "pitch_deg": -1.810280442237854,
    "yaw_deg": -1.2007588148117065,
    "act_roll": -2.1263516828184947e-05,
    "act_pitch": -0.013241935521364212,
    "act_yaw": 4.881597851635888e-05,
    "act_thrust": 0.26521211862564087,
    "output_mean": 1340.0,
    "output_std": 134.94097900390625,
    "output_range": 301.0,
    "battery_remaining": 0.699999988079071,
    "vel_test_ratio": 0.03131977468729019,
    "pos_test_ratio": 0.018283117562532425,
    "hgt_test_ratio": 0.0024651961866766214,
    "mag_test_ratio": 0.005526918917894363,
    "gps_eph": 0.29999998211860657,
    "gps_epv": 0.3999999761581421,
    "imu_accel_mag_mean": 9.801613807678223,
    "imu_accel_mag_std": 0.07500755041837692,
    "imu_accel_mag_rms": 9.802839279174805,
    "imu_accel_mag_ptp": 0.27179431915283203,
    "imu_accel_diff_rms": 0.07536444067955017,
    "imu_gyro_mag_mean": 0.013961561024188995,
    "imu_gyro_mag_std": 0.0040932935662567616,
    "imu_gyro_mag_rms": 0.014829293824732304,
    "imu_gyro_mag_ptp": 0.014938831329345703,
    "imu_gyro_diff_rms": 0.0037378082051873207,
    "output_hf_mean": 1340.0,
    "output_hf_std": 0.047947801649570465,
    "output_hf_ptp": 0.1666259765625,
    "output_diff_rms": 0.0849677100777626
  },
  "scales": {
    "local_x": 47.80510711669922,
    "local_y": 1.131632685661316,
    "local_z": 5.322556495666504,
    "local_vx": 2.1091039180755615,
    "local_vy": 0.11601647734642029,
    "local_vz": 0.1731751412153244,
    "local_ax": 0.09563347697257996,
    "local_ay": 0.08373945206403732,
    "local_az": 0.1442977339029312,
    "roll_deg": 1.4702284336090088,
    "pitch_deg": 13.41701602935791,
    "yaw_deg": 2.967209815979004,
    "act_roll": 0.0010264671873301268,
    "act_pitch": 0.06130041182041168,
    "act_yaw": 0.0007903144578449428,
    "act_thrust": 0.030777007341384888,
    "output_mean": 29.1666259765625,
    "output_std": 109.88426971435547,
    "output_range": 369.0,
    "battery_remaining": 0.19644612073898315,
    "vel_test_ratio": 0.02829797938466072,
    "pos_test_ratio": 0.012399636209011078,
    "hgt_test_ratio": 0.003929216414690018,
    "mag_test_ratio": 0.008876187726855278,
    "gps_eph": 1.0,
    "gps_epv": 1.0,
    "imu_accel_mag_mean": 0.06441211700439453,
    "imu_accel_mag_std": 0.024139292538166046,
    "imu_accel_mag_rms": 0.0654001235961914,
    "imu_accel_mag_ptp": 0.09183120727539062,
    "imu_accel_diff_rms": 0.024928733706474304,
    "imu_gyro_mag_mean": 0.07570599019527435,
    "imu_gyro_mag_std": 0.0029111201874911785,
    "imu_gyro_mag_rms": 0.07771725207567215,
    "imu_gyro_mag_ptp": 0.010303407907485962,
    "imu_gyro_diff_rms": 0.0015199393965303898,
    "output_hf_mean": 29.1492919921875,
    "output_hf_std": 0.0800812691450119,
    "output_hf_ptp": 0.25,
    "output_diff_rms": 0.2120198905467987
  },
  "clip": 10.0,
  "fit_scope": "development train groups only"
}