{
  "features": [
    "local_x",
    "local_y",
    "local_z",
    "local_vx",
    "local_vy",
    "local_vz",
    "local_ax",
    "local_ay",
    "local_az",
    "roll_deg",
    "pitch_deg",
    "yaw_deg",
    "act_roll",
    "act_pitch",
    "act_yaw",
    "act_thrust",
    "output_mean",
    "output_std",
    "output_range",
    "battery_remaining",
    "vel_test_ratio",
    "pos_test_ratio",
    "hgt_test_ratio",
    "mag_test_ratio",
    "gps_eph",
    "gps_epv",
    "imu_accel_mag_mean",
    "imu_accel_mag_std",
    "imu_accel_mag_rms",
    "imu_accel_mag_ptp",
    "imu_accel_diff_rms",
    "imu_gyro_mag_mean",
    "imu_gyro_mag_std",
    "imu_gyro_mag_rms",
    "imu_gyro_mag_ptp",
    "imu_gyro_diff_rms",
    "output_hf_mean",
    "output_hf_std",
    "output_hf_ptp",
    "output_diff_rms"
  ],
  "medians": {
    "local_x": 0.05874365568161011,
    "local_y": 0.13315024971961975,
    "local_z": -15.043012619018555,
    "local_vx": 0.00241087656468153,
    "local_vy": 0.001854189671576023,
    "local_vz": -0.005401812959462404,
    "local_ax": -0.0002490794286131859,
    "local_ay": -0.0005149390199221671,
    "local_az": 0.00592233007773757,
    "roll_deg": -0.1371164321899414,
    "pitch_deg": -0.04454801604151726,
    "yaw_deg": -0.352865993976593,
    "act_roll": -6.559632765856804e-06,
    "act_pitch": -0.0004576472274493426,
    "act_yaw": 4.8224686906905845e-05,
    "act_thrust": 0.26492294669151306,
    "output_mean": 1325.0,
    "output_std": 221.5655517578125,
    "output_range": 500.0,
    "battery_remaining": 0.699999988079071,
    "vel_test_ratio": 0.027280285954475403,
    "pos_test_ratio": 0.016917932778596878,
    "hgt_test_ratio": 0.0021121783647686243,
    "mag_test_ratio": 0.004721466451883316,
    "gps_eph": 0.29999998211860657,
    "gps_epv": 0.3999999761581421,
    "imu_accel_mag_mean": 9.802099227905273,
    "imu_accel_mag_std": 0.07597437500953674,
    "imu_accel_mag_rms": 9.802996635437012,
    "imu_accel_mag_ptp": 0.27541446685791016,
    "imu_accel_diff_rms": 0.07671160995960236,
    "imu_gyro_mag_mean": 0.011502688750624657,
    "imu_gyro_mag_std": 0.0038561266846954823,
    "imu_gyro_mag_rms": 0.012288308702409267,
    "imu_gyro_mag_ptp": 0.014095354825258255,
    "imu_gyro_diff_rms": 0.003625748911872506,
    "output_hf_mean": 1324.9666748046875,
    "output_hf_std": 0.04707795009016991,
    "output_hf_ptp": 0.1666259765625,
    "output_diff_rms": 0.07794032990932465
  },
  "scales": {
    "local_x": 27.620141983032227,
    "local_y": 1.011735439300537,
    "local_z": 7.569506645202637,
    "local_vx": 0.03361040726304054,
    "local_vy": 0.03145107626914978,
    "local_vz": 0.13396772742271423,
    "local_ax": 0.08061401546001434,
    "local_ay": 0.07971711456775665,
    "local_az": 0.13615837693214417,
    "roll_deg": 1.4704060554504395,
    "pitch_deg": 5.962666988372803,
    "yaw_deg": 2.508547067642212,
    "act_roll": 0.0008987266337499022,
    "act_pitch": 0.032286640256643295,
    "act_yaw": 0.0007235060911625624,
    "act_thrust": 0.013927817344665527,
    "output_mean": 22.416748046875,
    "output_std": 109.1723861694336,
    "output_range": 374.0,
    "battery_remaining": 0.14462369680404663,
    "vel_test_ratio": 0.019399110227823257,
    "pos_test_ratio": 0.0105426125228405,
    "hgt_test_ratio": 0.0031349058263003826,
    "mag_test_ratio": 0.006882677786052227,
    "gps_eph": 1.0,
    "gps_epv": 1.0,
    "imu_accel_mag_mean": 0.05573558807373047,
    "imu_accel_mag_std": 0.021609976887702942,
    "imu_accel_mag_rms": 0.05627250671386719,
    "imu_accel_mag_ptp": 0.0834956169128418,
    "imu_accel_diff_rms": 0.022435501217842102,
    "imu_gyro_mag_mean": 0.04523448646068573,
    "imu_gyro_mag_std": 0.0020595877431333065,
    "imu_gyro_mag_rms": 0.04644875228404999,
    "imu_gyro_mag_ptp": 0.007594086229801178,
    "imu_gyro_diff_rms": 0.0013446768280118704,
    "output_hf_mean": 22.4486083984375,
    "output_hf_std": 0.07204116135835648,
    "output_hf_ptp": 0.25,
    "output_diff_rms": 0.10785123705863953
  },
  "clip": 10.0,
  "fit_scope": "development train groups only"
}