{
  "features": [
    "local_x",
    "local_y",
    "local_z",
    "local_vx",
    "local_vy",
    "local_vz",
    "local_ax",
    "local_ay",
    "local_az",
    "roll_deg",
    "pitch_deg",
    "yaw_deg",
    "act_roll",
    "act_pitch",
    "act_yaw",
    "act_thrust",
    "output_mean",
    "output_std",
    "output_range",
    "battery_remaining",
    "vel_test_ratio",
    "pos_test_ratio",
    "hgt_test_ratio",
    "mag_test_ratio",
    "gps_eph",
    "gps_epv",
    "imu_accel_mag_mean",
    "imu_accel_mag_std",
    "imu_accel_mag_rms",
    "imu_accel_mag_ptp",
    "imu_accel_diff_rms",
    "imu_gyro_mag_mean",
    "imu_gyro_mag_std",
    "imu_gyro_mag_rms",
    "imu_gyro_mag_ptp",
    "imu_gyro_diff_rms",
    "output_hf_mean",
    "output_hf_std",
    "output_hf_ptp",
    "output_diff_rms"
  ],
  "medians": {
    "local_x": 5.813847064971924,
    "local_y": 0.12992528080940247,
    "local_z": -15.01739501953125,
    "local_vx": 0.004783865995705128,
    "local_vy": 0.00011994366650469601,
    "local_vz": -0.0047492398880422115,
    "local_ax": 0.0010936864418908954,
    "local_ay": -0.002443153178319335,
    "local_az": 0.008998437784612179,
    "roll_deg": -0.17502853274345398,
    "pitch_deg": -1.1237003803253174,
    "yaw_deg": -0.521401047706604,
    "act_roll": -6.780496914871037e-05,
    "act_pitch": -0.007770437281578779,
    "act_yaw": 3.1221316021401435e-05,
    "act_thrust": 0.2646900415420532,
    "output_mean": 1334.1666259765625,
    "output_std": 221.5651397705078,
    "output_range": 500.0,
    "battery_remaining": 0.699999988079071,
    "vel_test_ratio": 0.029172198846936226,
    "pos_test_ratio": 0.01749511994421482,
    "hgt_test_ratio": 0.0021138035226613283,
    "mag_test_ratio": 0.00514558469876647,
    "gps_eph": 0.29999998211860657,
    "gps_epv": 0.3999999761581421,
    "imu_accel_mag_mean": 9.80295181274414,
    "imu_accel_mag_std": 0.07490704208612442,
    "imu_accel_mag_rms": 9.803705215454102,
    "imu_accel_mag_ptp": 0.27153491973876953,
    "imu_accel_diff_rms": 0.07551325857639313,
    "imu_gyro_mag_mean": 0.015387208200991154,
    "imu_gyro_mag_std": 0.00402813358232379,
    "imu_gyro_mag_rms": 0.01628676801919937,
    "imu_gyro_mag_ptp": 0.014710713177919388,
    "imu_gyro_diff_rms": 0.0037148643750697374,
    "output_hf_mean": 1334.2569580078125,
    "output_hf_std": 0.04707795009016991,
    "output_hf_ptp": 0.1666259765625,
    "output_diff_rms": 0.07819095999002457
  },
  "scales": {
    "local_x": 40.70470428466797,
    "local_y": 4.48812198638916,
    "local_z": 2.3437185287475586,
    "local_vx": 1.1186295747756958,
    "local_vy": 0.14948643743991852,
    "local_vz": 0.17332424223423004,
    "local_ax": 0.09151697158813477,
    "local_ay": 0.08974647521972656,
    "local_az": 0.1354152113199234,
    "roll_deg": 1.476152777671814,
    "pitch_deg": 10.767528533935547,
    "yaw_deg": 2.627702236175537,
    "act_roll": 0.001133601414039731,
    "act_pitch": 0.048788703978061676,
    "act_yaw": 0.0008163126185536385,
    "act_thrust": 0.015478938817977905,
    "output_mean": 23.416748046875,
    "output_std": 104.43641662597656,
    "output_range": 358.0,
    "battery_remaining": 0.18778055906295776,
    "vel_test_ratio": 0.022154077887535095,
    "pos_test_ratio": 0.011067022569477558,
    "hgt_test_ratio": 0.0030919008422642946,
    "mag_test_ratio": 0.007713512517511845,
    "gps_eph": 1.0,
    "gps_epv": 1.0,
    "imu_accel_mag_mean": 0.062119483947753906,
    "imu_accel_mag_std": 0.02176777273416519,
    "imu_accel_mag_rms": 0.06259536743164062,
    "imu_accel_mag_ptp": 0.0831594467163086,
    "imu_accel_diff_rms": 0.022705242037773132,
    "imu_gyro_mag_mean": 0.08653900027275085,
    "imu_gyro_mag_std": 0.002236052881926298,
    "imu_gyro_mag_rms": 0.08672138303518295,
    "imu_gyro_mag_ptp": 0.008167670108377934,
    "imu_gyro_diff_rms": 0.001337800407782197,
    "output_hf_mean": 23.434814453125,
    "output_hf_std": 0.0718710720539093,
    "output_hf_ptp": 0.25,
    "output_diff_rms": 0.10667356848716736
  },
  "clip": 10.0,
  "fit_scope": "development train groups only"
}