{
  "version": 1,
  "fit_policy": "split_00 normal-train only; fixed during inference",
  "columns": {
    "gps_speed_residual": {
      "center": 0.02485679115003603,
      "sigma": 0.024162126798531542,
      "k": 0.012081063399265771
    },
    "hdop": {
      "center": 0.6599999666213989,
      "sigma": 0.044477957582473755,
      "k": 0.022238978791236878
    },
    "noise_per_ms": {
      "center": 90.0,
      "sigma": 13.343399999999999,
      "k": 6.6716999999999995
    },
    "pos_test_ratio": {
      "center": 0.016211196780204773,
      "sigma": 0.012606267185043542,
      "k": 0.006303133592521771
    },
    "vel_test_ratio": {
      "center": 0.0,
      "sigma": 0.07050041741871166,
      "k": 0.03525020870935583
    },
    "hgt_test_ratio": {
      "center": 0.011645045131444931,
      "sigma": 0.0118163746942766,
      "k": 0.0059081873471383
    },
    "alt_baro_residual": {
      "center": 0.0,
      "sigma": 0.0,
      "k": 0.0
    },
    "alt_local_residual": {
      "center": 0.0,
      "sigma": 0.00011059126023647846,
      "k": 5.529563011823923e-05
    },
    "attitude_error_mag": {
      "center": 0.3840146680156936,
      "sigma": 0.2710932258677704,
      "k": 0.1355466129338852
    },
    "ekf_alt_innov": {
      "center": 0.01660025119781494,
      "sigma": 0.015763589930534363,
      "k": 0.007881794965267181
    },
    "ekf_vertical_vel_innov": {
      "center": 0.0,
      "sigma": 0.0,
      "k": 0.0
    },
    "actuator_output_std": {
      "center": 32.03416145304884,
      "sigma": 16.54177277624623,
      "k": 8.270886388123115
    },
    "actuator_output_range": {
      "center": 89.0,
      "sigma": 47.4432,
      "k": 23.7216
    }
  }
}