epoch,train_loss,validation_loss
1,4.675194263458252,8.539172172546387
2,4.640964349110921,8.33612060546875
3,4.624460697174072,8.217283248901367
