{
  "features": [
    "local_x",
    "local_y",
    "local_z",
    "local_vx",
    "local_vy",
    "local_vz",
    "local_ax",
    "local_ay",
    "local_az",
    "roll_deg",
    "pitch_deg",
    "yaw_deg",
    "act_roll",
    "act_pitch",
    "act_yaw",
    "act_thrust",
    "output_mean",
    "output_std",
    "output_range",
    "battery_remaining",
    "vel_test_ratio",
    "pos_test_ratio",
    "hgt_test_ratio",
    "mag_test_ratio",
    "gps_eph",
    "gps_epv",
    "imu_accel_mag_mean",
    "imu_accel_mag_std",
    "imu_accel_mag_rms",
    "imu_accel_mag_ptp",
    "imu_accel_diff_rms",
    "imu_gyro_mag_mean",
    "imu_gyro_mag_std",
    "imu_gyro_mag_rms",
    "imu_gyro_mag_ptp",
    "imu_gyro_diff_rms",
    "output_hf_mean",
    "output_hf_std",
    "output_hf_ptp",
    "output_diff_rms"
  ],
  "medians": {
    "local_x": 0.07927720993757248,
    "local_y": 0.11558843404054642,
    "local_z": -15.030956268310547,
    "local_vx": 0.002405256498605013,
    "local_vy": 0.0012092480901628733,
    "local_vz": -0.0047904206439852715,
    "local_ax": 0.0012085193302482367,
    "local_ay": -0.0012018929701298475,
    "local_az": 0.006803776603192091,
    "roll_deg": -0.24548819661140442,
    "pitch_deg": -0.04411029815673828,
    "yaw_deg": -1.6553696393966675,
    "act_roll": -3.070275852223858e-05,
    "act_pitch": -0.0005254036514088511,
    "act_yaw": 4.02728546760045e-05,
    "act_thrust": 0.2650867998600006,
    "output_mean": 1334.6666259765625,
    "output_std": 152.208740234375,
    "output_range": 339.0,
    "battery_remaining": 0.699999988079071,
    "vel_test_ratio": 0.027830151841044426,
    "pos_test_ratio": 0.017039624974131584,
    "hgt_test_ratio": 0.0021833782084286213,
    "mag_test_ratio": 0.0048504057340323925,
    "gps_eph": 0.29999998211860657,
    "gps_epv": 0.3999999761581421,
    "imu_accel_mag_mean": 9.80339241027832,
    "imu_accel_mag_std": 0.07585296034812927,
    "imu_accel_mag_rms": 9.804483413696289,
    "imu_accel_mag_ptp": 0.27478647232055664,
    "imu_accel_diff_rms": 0.07649612426757812,
    "imu_gyro_mag_mean": 0.012082240544259548,
    "imu_gyro_mag_std": 0.0039252107962965965,
    "imu_gyro_mag_rms": 0.012892287224531174,
    "imu_gyro_mag_ptp": 0.01435449905693531,
    "imu_gyro_diff_rms": 0.003670851234346628,
    "output_hf_mean": 1334.6376953125,
    "output_hf_std": 0.04808668792247772,
    "output_hf_ptp": 0.1666259765625,
    "output_diff_rms": 0.07820656895637512
  },
  "scales": {
    "local_x": 27.24460220336914,
    "local_y": 1.034424901008606,
    "local_z": 5.109598159790039,
    "local_vx": 0.07071831077337265,
    "local_vy": 0.050792619585990906,
    "local_vz": 0.4265153706073761,
    "local_ax": 0.08158820867538452,
    "local_ay": 0.08129537105560303,
    "local_az": 0.1392671912908554,
    "roll_deg": 1.4863011837005615,
    "pitch_deg": 5.94100284576416,
    "yaw_deg": 2.5073890686035156,
    "act_roll": 0.0009811979252845049,
    "act_pitch": 0.0337071493268013,
    "act_yaw": 0.0007614940404891968,
    "act_thrust": 0.015808820724487305,
    "output_mean": 23.166748046875,
    "output_std": 105.02099609375,
    "output_range": 364.0,
    "battery_remaining": 0.15331190824508667,
    "vel_test_ratio": 0.0203238558024168,
    "pos_test_ratio": 0.010695072822272778,
    "hgt_test_ratio": 0.0033510338980704546,
    "mag_test_ratio": 0.007149730809032917,
    "gps_eph": 1.0,
    "gps_epv": 1.0,
    "imu_accel_mag_mean": 0.06130218505859375,
    "imu_accel_mag_std": 0.022417455911636353,
    "imu_accel_mag_rms": 0.06221199035644531,
    "imu_accel_mag_ptp": 0.08524179458618164,
    "imu_accel_diff_rms": 0.023366473615169525,
    "imu_gyro_mag_mean": 0.03196944296360016,
    "imu_gyro_mag_std": 0.0022148180287331343,
    "imu_gyro_mag_rms": 0.03322959691286087,
    "imu_gyro_mag_ptp": 0.008103444240987301,
    "imu_gyro_diff_rms": 0.0013595218770205975,
    "output_hf_mean": 23.15625,
    "output_hf_std": 0.07361775636672974,
    "output_hf_ptp": 0.25,
    "output_diff_rms": 0.11201231181621552
  },
  "clip": 10.0,
  "fit_scope": "development train groups only"
}