{
  "features": [
    "local_x",
    "local_y",
    "local_z",
    "local_vx",
    "local_vy",
    "local_vz",
    "local_ax",
    "local_ay",
    "local_az",
    "roll_deg",
    "pitch_deg",
    "yaw_deg",
    "act_roll",
    "act_pitch",
    "act_yaw",
    "act_thrust",
    "output_mean",
    "output_std",
    "output_range",
    "battery_remaining",
    "vel_test_ratio",
    "pos_test_ratio",
    "hgt_test_ratio",
    "mag_test_ratio",
    "gps_eph",
    "gps_epv",
    "imu_accel_mag_mean",
    "imu_accel_mag_std",
    "imu_accel_mag_rms",
    "imu_accel_mag_ptp",
    "imu_accel_diff_rms",
    "imu_gyro_mag_mean",
    "imu_gyro_mag_std",
    "imu_gyro_mag_rms",
    "imu_gyro_mag_ptp",
    "imu_gyro_diff_rms",
    "output_hf_mean",
    "output_hf_std",
    "output_hf_ptp",
    "output_diff_rms"
  ],
  "medians": {
    "local_x": 10.898740768432617,
    "local_y": 0.03295734524726868,
    "local_z": -14.987367630004883,
    "local_vx": 0.011468048207461834,
    "local_vy": -0.0006129255052655935,
    "local_vz": -0.003948191646486521,
    "local_ax": 0.0040545277297496796,
    "local_ay": -0.001916359644383192,
    "local_az": 0.011257796548306942,
    "roll_deg": -0.20323027670383453,
    "pitch_deg": -1.8981741666793823,
    "yaw_deg": -2.052906036376953,
    "act_roll": 3.8294747355394065e-05,
    "act_pitch": -0.014684006571769714,
    "act_yaw": 4.913832526654005e-05,
    "act_thrust": 0.26518213748931885,
    "output_mean": 1340.3333740234375,
    "output_std": 134.40237426757812,
    "output_range": 299.0,
    "battery_remaining": 0.699999988079071,
    "vel_test_ratio": 0.03173746168613434,
    "pos_test_ratio": 0.018558355048298836,
    "hgt_test_ratio": 0.002492455532774329,
    "mag_test_ratio": 0.005331734195351601,
    "gps_eph": 0.29999998211860657,
    "gps_epv": 0.3999999761581421,
    "imu_accel_mag_mean": 9.800904273986816,
    "imu_accel_mag_std": 0.0746191069483757,
    "imu_accel_mag_rms": 9.802162170410156,
    "imu_accel_mag_ptp": 0.2700958251953125,
    "imu_accel_diff_rms": 0.07467666268348694,
    "imu_gyro_mag_mean": 0.014117521233856678,
    "imu_gyro_mag_std": 0.004077059682458639,
    "imu_gyro_mag_rms": 0.014988332986831665,
    "imu_gyro_mag_ptp": 0.014854531735181808,
    "imu_gyro_diff_rms": 0.0037151947617530823,
    "output_hf_mean": 1340.3333740234375,
    "output_hf_std": 0.046170443296432495,
    "output_hf_ptp": 0.1666259765625,
    "output_diff_rms": 0.08509325981140137
  },
  "scales": {
    "local_x": 49.819705963134766,
    "local_y": 1.1965358257293701,
    "local_z": 5.324840545654297,
    "local_vx": 2.3180577754974365,
    "local_vy": 0.10459157824516296,
    "local_vz": 0.1484191119670868,
    "local_ax": 0.09355819225311279,
    "local_ay": 0.08014006912708282,
    "local_az": 0.14422255754470825,
    "roll_deg": 1.4602669477462769,
    "pitch_deg": 13.330775260925293,
    "yaw_deg": 2.9935648441314697,
    "act_roll": 0.000974747003056109,
    "act_pitch": 0.0609620064496994,
    "act_yaw": 0.000805347110144794,
    "act_thrust": 0.024360686540603638,
    "output_mean": 28.5,
    "output_std": 108.92691040039062,
    "output_range": 362.0,
    "battery_remaining": 0.19997185468673706,
    "vel_test_ratio": 0.030010147020220757,
    "pos_test_ratio": 0.012699603103101254,
    "hgt_test_ratio": 0.003963530994951725,
    "mag_test_ratio": 0.008136981166899204,
    "gps_eph": 1.0,
    "gps_epv": 1.0,
    "imu_accel_mag_mean": 0.06576061248779297,
    "imu_accel_mag_std": 0.02377830445766449,
    "imu_accel_mag_rms": 0.06664562225341797,
    "imu_accel_mag_ptp": 0.09010124206542969,
    "imu_accel_diff_rms": 0.024595871567726135,
    "imu_gyro_mag_mean": 0.043612100183963776,
    "imu_gyro_mag_std": 0.002767952624708414,
    "imu_gyro_mag_rms": 0.04608788713812828,
    "imu_gyro_mag_ptp": 0.00976432953029871,
    "imu_gyro_diff_rms": 0.0014817032497376204,
    "output_hf_mean": 28.493408203125,
    "output_hf_std": 0.08020467311143875,
    "output_hf_ptp": 0.25,
    "output_diff_rms": 0.21077126264572144
  },
  "clip": 10.0,
  "fit_scope": "development train groups only"
}