{
  "features": [
    "local_x",
    "local_y",
    "local_z",
    "local_vx",
    "local_vy",
    "local_vz",
    "local_ax",
    "local_ay",
    "local_az",
    "roll_deg",
    "pitch_deg",
    "yaw_deg",
    "act_roll",
    "act_pitch",
    "act_yaw",
    "act_thrust",
    "output_mean",
    "output_std",
    "output_range",
    "battery_remaining",
    "vel_test_ratio",
    "pos_test_ratio",
    "hgt_test_ratio",
    "mag_test_ratio",
    "gps_eph",
    "gps_epv",
    "imu_accel_mag_mean",
    "imu_accel_mag_std",
    "imu_accel_mag_rms",
    "imu_accel_mag_ptp",
    "imu_accel_diff_rms",
    "imu_gyro_mag_mean",
    "imu_gyro_mag_std",
    "imu_gyro_mag_rms",
    "imu_gyro_mag_ptp",
    "imu_gyro_diff_rms",
    "output_hf_mean",
    "output_hf_std",
    "output_hf_ptp",
    "output_diff_rms"
  ],
  "medians": {
    "local_x": 0.09327282011508942,
    "local_y": 0.054114244878292084,
    "local_z": -15.017528533935547,
    "local_vx": 0.004392937757074833,
    "local_vy": 0.0007396419532597065,
    "local_vz": -0.004391948226839304,
    "local_ax": 0.0028986800462007523,
    "local_ay": -0.0009301492827944458,
    "local_az": 0.008402369916439056,
    "roll_deg": -0.35378503799438477,
    "pitch_deg": -0.06208754703402519,
    "yaw_deg": -2.004338264465332,
    "act_roll": -8.922780807552044e-07,
    "act_pitch": -0.0006207873811945319,
    "act_yaw": 2.9651037039002404e-05,
    "act_thrust": 0.26527097821235657,
    "output_mean": 1339.8333740234375,
    "output_std": 136.5133056640625,
    "output_range": 305.0,
    "battery_remaining": 0.699999988079071,
    "vel_test_ratio": 0.02939491532742977,
    "pos_test_ratio": 0.017449885606765747,
    "hgt_test_ratio": 0.0023892091121524572,
    "mag_test_ratio": 0.0048217251896858215,
    "gps_eph": 0.29999998211860657,
    "gps_epv": 0.3999999761581421,
    "imu_accel_mag_mean": 9.801926612854004,
    "imu_accel_mag_std": 0.07501864433288574,
    "imu_accel_mag_rms": 9.803007125854492,
    "imu_accel_mag_ptp": 0.27146339416503906,
    "imu_accel_diff_rms": 0.07523283362388611,
    "imu_gyro_mag_mean": 0.011645309627056122,
    "imu_gyro_mag_std": 0.0039026672020554543,
    "imu_gyro_mag_rms": 0.01243847981095314,
    "imu_gyro_mag_ptp": 0.014251813292503357,
    "imu_gyro_diff_rms": 0.003636609762907028,
    "output_hf_mean": 1339.8333740234375,
    "output_hf_std": 0.04486202448606491,
    "output_hf_ptp": 0.1666259765625,
    "output_diff_rms": 0.0815926194190979
  },
  "scales": {
    "local_x": 34.99284744262695,
    "local_y": 0.9182752966880798,
    "local_z": 5.1833295822143555,
    "local_vx": 1.1276288032531738,
    "local_vy": 0.043696045875549316,
    "local_vz": 0.23379044234752655,
    "local_ax": 0.08054237812757492,
    "local_ay": 0.07329770922660828,
    "local_az": 0.14183412492275238,
    "roll_deg": 1.4895061254501343,
    "pitch_deg": 8.954916000366211,
    "yaw_deg": 2.596557855606079,
    "act_roll": 0.0008743199286982417,
    "act_pitch": 0.04442702233791351,
    "act_yaw": 0.0007244396256282926,
    "act_thrust": 0.019457995891571045,
    "output_mean": 27.916748046875,
    "output_std": 104.73788452148438,
    "output_range": 364.0,
    "battery_remaining": 0.14797216653823853,
    "vel_test_ratio": 0.024453919380903244,
    "pos_test_ratio": 0.011228425428271294,
    "hgt_test_ratio": 0.003795000957325101,
    "mag_test_ratio": 0.007022247649729252,
    "gps_eph": 1.0,
    "gps_epv": 1.0,
    "imu_accel_mag_mean": 0.06326007843017578,
    "imu_accel_mag_std": 0.02286359667778015,
    "imu_accel_mag_rms": 0.06398677825927734,
    "imu_accel_mag_ptp": 0.0868825912475586,
    "imu_accel_diff_rms": 0.02386689931154251,
    "imu_gyro_mag_mean": 0.018995113670825958,
    "imu_gyro_mag_std": 0.002326458692550659,
    "imu_gyro_mag_rms": 0.018971145153045654,
    "imu_gyro_mag_ptp": 0.008388418704271317,
    "imu_gyro_diff_rms": 0.001393214100971818,
    "output_hf_mean": 27.901611328125,
    "output_hf_std": 0.07565872371196747,
    "output_hf_ptp": 0.25,
    "output_diff_rms": 0.18026791512966156
  },
  "clip": 10.0,
  "fit_scope": "development train groups only"
}