epoch,train_loss,validation_loss
1,0.7100667983619242,0.8565334479014078
2,0.399297595105536,0.8169750918944677
3,0.3287124319480417,0.8931950206557909
