{
  "critical_aggregate": {
    "event_recall": {
      "mean": 0.5890073442312247,
      "std": 0.1526292742170181,
      "min": 0.4235963041933191,
      "max": 0.7867803837953091
    },
    "all_nonfault_fa_per_hour": {
      "mean": 3.2019391054237887,
      "std": 2.9117685814623075,
      "min": 0.6721150545340664,
      "max": 8.217242441260122
    },
    "wind_fa_per_hour": {
      "mean": 27.82949942137676,
      "std": 12.121768470983508,
      "min": 7.368514728130284,
      "max": 36.68575995737312
    },
    "real_motor_recall": {
      "mean": 0.23265306122448975,
      "std": 0.09159548812249524,
      "min": 0.1071428571428571,
      "max": 0.3571428571428571
    },
    "real_sensor_recall": {
      "mean": 0.21645569620253163,
      "std": 0.1443537555094801,
      "min": 0.0,
      "max": 0.379746835443038
    },
    "real_macro_recall": {
      "mean": 0.2245543787135107,
      "std": 0.0965751622397356,
      "min": 0.135204081632653,
      "max": 0.3684448462929476
    },
    "real_normal_fa_per_hour": {
      "mean": 11.683421298477311,
      "std": 15.06625766790137,
      "min": 0.0,
      "max": 35.96004439511654
    },
    "real_normal_alarm_flight_rate": {
      "mean": 0.19818181818181818,
      "std": 0.2558731607264922,
      "min": 0.0,
      "max": 0.6
    }
  },
  "real_research_gate": {
    "passed": false,
    "conditions": {
      "macro_mean_ge_0_40": false,
      "motor_mean_ge_0_30": false,
      "sensor_mean_ge_0_30": false,
      "macro_min_ge_0_25": false,
      "real_fa_mean_le_4": false,
      "real_fa_max_le_8": false,
      "overall_recall_mean_preserved": true,
      "overall_recall_min_ge_0_50": false,
      "all_nonfault_fa_mean_le_2": false
    }
  },
  "wind_intermediate_gate": {
    "passed": false,
    "conditions": {
      "wind_fa_mean_le_15": false,
      "wind_fa_max_le_20": false,
      "wind_reduction_ge_40pct": false,
      "overall_recall_mean_preserved": true,
      "real_macro_loss_le_0_05": true,
      "all_nonfault_fa_mean_le_2": false
    }
  },
  "wind_final_research_target": {
    "passed": false,
    "conditions": {
      "wind_fa_mean_le_5": false,
      "wind_fa_max_le_8": false
    }
  },
  "real_feasibility_gate": {
    "passed": false,
    "conditions": {
      "macro_mean_ge_0_50": false,
      "motor_mean_ge_0_40": false,
      "sensor_mean_ge_0_40": false,
      "real_fa_mean_le_2": false,
      "real_fa_max_le_4": false,
      "bootstrap_macro_lower_ge_0_35": false
    }
  },
  "frozen_baseline": {
    "critical_event_recall_mean": 0.6043117744610281,
    "critical_real_macro_recall": 0.14275000000000002,
    "critical_wind_fa_per_hour": 28.461784635934823
  }
}