{
  "NoFault": {
    "precision": 0.7419354838709677,
    "recall": 0.575,
    "f1-score": 0.647887323943662,
    "support": 40.0
  },
  "Motor": {
    "precision": 0.08583690987124463,
    "recall": 0.20833333333333334,
    "f1-score": 0.12158054711246201,
    "support": 96.0
  },
  "Propeller": {
    "precision": 0.875,
    "recall": 0.14583333333333334,
    "f1-score": 0.25,
    "support": 96.0
  },
  "Sensor": {
    "precision": 0.6419354838709678,
    "recall": 0.7928286852589641,
    "f1-score": 0.7094474153297683,
    "support": 251.0
  },
  "Environment": {
    "precision": 0.7419354838709677,
    "recall": 0.16666666666666666,
    "f1-score": 0.27218934911242604,
    "support": 138.0
  },
  "accuracy": 0.4492753623188406,
  "macro avg": {
    "precision": 0.6173286722968296,
    "recall": 0.3777324037184595,
    "f1-score": 0.4002209270996636,
    "support": 621.0
  },
  "weighted avg": {
    "precision": 0.6206612977911186,
    "recall": 0.4492753623188406,
    "f1-score": 0.44641007553273665,
    "support": 621.0
  }
}