epoch,train_loss,validation_loss
1,1.4487526178359986,1.6443934440612793
