{
  "version": 1,
  "fit_policy": "split_00 normal-train only; fixed during inference",
  "columns": {
    "roll_error": {
      "center": 23.90323543548584,
      "sigma": 0.9762214937299489,
      "k": 0.48811074686497447
    },
    "pitch_error": {
      "center": 0.5662160515785217,
      "sigma": 0.14251654764711857,
      "k": 0.07125827382355929
    },
    "alt_error": {
      "center": 48.31999969482422,
      "sigma": 0.9933392852783203,
      "k": 0.49666964263916014
    },
    "xtrack_error": {
      "center": -41.138349533081055,
      "sigma": 0.9886422512054442,
      "k": 0.4943211256027221
    }
  }
}