{
  "version": 1,
  "fit_policy": "split_00 normal-train only; fixed during inference",
  "columns": {
    "gps_speed_residual": {
      "center": 0.02994779306841111,
      "sigma": 0.03017731307383666,
      "k": 0.01508865653691833
    },
    "hdop": {
      "center": 0.6599999666213989,
      "sigma": 0.044477957582473755,
      "k": 0.022238978791236878
    },
    "noise_per_ms": {
      "center": 90.0,
      "sigma": 13.343399999999999,
      "k": 6.6716999999999995
    },
    "pos_test_ratio": {
      "center": 0.01872028410434723,
      "sigma": 0.015217895083129405,
      "k": 0.007608947541564702
    },
    "vel_test_ratio": {
      "center": 0.02861193660646677,
      "sigma": 0.01961998719954863,
      "k": 0.009809993599774315
    },
    "hgt_test_ratio": {
      "center": 0.01216566888615489,
      "sigma": 0.013089248610497452,
      "k": 0.006544624305248726
    },
    "alt_local_residual": {
      "center": 0.0,
      "sigma": 0.00020027635509757292,
      "k": 0.00010013817754878646
    },
    "attitude_error_mag": {
      "center": 0.752198607465184,
      "sigma": 0.7547769747536479,
      "k": 0.37738848737682396
    },
    "actuator_output_std": {
      "center": 36.77890020106637,
      "sigma": 16.689552635770994,
      "k": 8.344776317885497
    },
    "actuator_output_range": {
      "center": 89.0,
      "sigma": 40.0302,
      "k": 20.0151
    }
  }
}