{
  "version": 1,
  "fit_policy": "split_00 normal-train only; fixed during inference",
  "columns": {
    "gps_speed_residual": {
      "center": 0.04014773405553837,
      "sigma": 0.04736390518016124,
      "k": 0.02368195259008062
    },
    "hdop": {
      "center": 99.98999786376953,
      "sigma": 48.44415586840049,
      "k": 24.222077934200247
    },
    "noise_per_ms": {
      "center": 99.0,
      "sigma": 2.9652,
      "k": 1.4826
    },
    "pos_test_ratio": {
      "center": 0.026355182752013206,
      "sigma": 0.027185877223871648,
      "k": 0.013592938611935824
    },
    "vel_test_ratio": {
      "center": 0.0,
      "sigma": 0.026974349032514697,
      "k": 0.013487174516257349
    },
    "hgt_test_ratio": {
      "center": 0.02057594805955887,
      "sigma": 0.023106715451180933,
      "k": 0.011553357725590466
    },
    "alt_baro_residual": {
      "center": 0.0,
      "sigma": 0.0,
      "k": 0.0
    },
    "alt_local_residual": {
      "center": 0.0,
      "sigma": 0.011262097837233058,
      "k": 0.005631048918616529
    },
    "attitude_error_mag": {
      "center": 0.9891215445315857,
      "sigma": 0.8034402586145133,
      "k": 0.40172012930725665
    },
    "ekf_alt_innov": {
      "center": 0.07506513595581055,
      "sigma": 0.0949114242196083,
      "k": 0.04745571210980415
    },
    "ekf_vertical_vel_innov": {
      "center": 0.0,
      "sigma": 1.5134123403713704,
      "k": 0.7567061701856852
    },
    "actuator_output_std": {
      "center": 61.9293952820468,
      "sigma": 35.182220256682285,
      "k": 17.591110128341143
    },
    "actuator_output_range": {
      "center": 183.0,
      "sigma": 106.74719999999999,
      "k": 53.373599999999996
    }
  }
}