{
  "features": [
    "local_x",
    "local_y",
    "local_z",
    "local_vx",
    "local_vy",
    "local_vz",
    "local_ax",
    "local_ay",
    "local_az",
    "roll_deg",
    "pitch_deg",
    "yaw_deg",
    "act_roll",
    "act_pitch",
    "act_yaw",
    "act_thrust",
    "output_mean",
    "output_std",
    "output_range",
    "battery_remaining",
    "vel_test_ratio",
    "pos_test_ratio",
    "hgt_test_ratio",
    "mag_test_ratio",
    "gps_eph",
    "gps_epv",
    "imu_accel_mag_mean",
    "imu_accel_mag_std",
    "imu_accel_mag_rms",
    "imu_accel_mag_ptp",
    "imu_accel_diff_rms",
    "imu_gyro_mag_mean",
    "imu_gyro_mag_std",
    "imu_gyro_mag_rms",
    "imu_gyro_mag_ptp",
    "imu_gyro_diff_rms",
    "output_hf_mean",
    "output_hf_std",
    "output_hf_ptp",
    "output_diff_rms"
  ],
  "medians": {
    "local_x": 0.04786554351449013,
    "local_y": 0.024682410061359406,
    "local_z": -15.028127670288086,
    "local_vx": 0.004035009536892176,
    "local_vy": 0.0004295851103961468,
    "local_vz": -0.005614724941551685,
    "local_ax": 0.004214487038552761,
    "local_ay": -0.000882198684848845,
    "local_az": 0.008702542632818222,
    "roll_deg": -1.2519466876983643,
    "pitch_deg": -0.00894453190267086,
    "yaw_deg": -2.0203285217285156,
    "act_roll": -1.1904222446901258e-05,
    "act_pitch": -0.0003376632812432945,
    "act_yaw": 3.384121100680204e-06,
    "act_thrust": 0.265636682510376,
    "output_mean": 1340.5,
    "output_std": 138.8654022216797,
    "output_range": 311.0,
    "battery_remaining": 0.699999988079071,
    "vel_test_ratio": 0.029875321313738823,
    "pos_test_ratio": 0.01766239106655121,
    "hgt_test_ratio": 0.002545028692111373,
    "mag_test_ratio": 0.004597582388669252,
    "gps_eph": 0.29999998211860657,
    "gps_epv": 0.3999999761581421,
    "imu_accel_mag_mean": 9.800703048706055,
    "imu_accel_mag_std": 0.07417765259742737,
    "imu_accel_mag_rms": 9.801565170288086,
    "imu_accel_mag_ptp": 0.26804637908935547,
    "imu_accel_diff_rms": 0.07423704117536545,
    "imu_gyro_mag_mean": 0.01048930175602436,
    "imu_gyro_mag_std": 0.0037817254196852446,
    "imu_gyro_mag_rms": 0.011230280622839928,
    "imu_gyro_mag_ptp": 0.013789733871817589,
    "imu_gyro_diff_rms": 0.0035656990949064493,
    "output_hf_mean": 1340.5,
    "output_hf_std": 0.03867817297577858,
    "output_hf_ptp": 0.0833740234375,
    "output_diff_rms": 0.07994920015335083
  },
  "scales": {
    "local_x": 24.638790130615234,
    "local_y": 0.7542647123336792,
    "local_z": 9.5364990234375,
    "local_vx": 1.2641884088516235,
    "local_vy": 0.028223324567079544,
    "local_vz": 0.9674213528633118,
    "local_ax": 0.07189644128084183,
    "local_ay": 0.06518436968326569,
    "local_az": 0.13901838660240173,
    "roll_deg": 1.5162681341171265,
    "pitch_deg": 7.423918724060059,
    "yaw_deg": 2.452913522720337,
    "act_roll": 0.0008030413882806897,
    "act_pitch": 0.038248516619205475,
    "act_yaw": 0.0006423314334824681,
    "act_thrust": 0.037774235010147095,
    "output_mean": 28.1666259765625,
    "output_std": 104.820068359375,
    "output_range": 364.0,
    "battery_remaining": 0.12399560213088989,
    "vel_test_ratio": 0.02591812238097191,
    "pos_test_ratio": 0.011122520081698895,
    "hgt_test_ratio": 0.004110787063837051,
    "mag_test_ratio": 0.006642719730734825,
    "gps_eph": 1.0,
    "gps_epv": 1.0,
    "imu_accel_mag_mean": 0.06264591217041016,
    "imu_accel_mag_std": 0.022290490567684174,
    "imu_accel_mag_rms": 0.06307411193847656,
    "imu_accel_mag_ptp": 0.08455085754394531,
    "imu_accel_diff_rms": 0.02335347980260849,
    "imu_gyro_mag_mean": 0.008248195052146912,
    "imu_gyro_mag_std": 0.002207179320976138,
    "imu_gyro_mag_rms": 0.008618154563009739,
    "imu_gyro_mag_ptp": 0.00803822185844183,
    "imu_gyro_diff_rms": 0.001348600024357438,
    "output_hf_mean": 28.1451416015625,
    "output_hf_std": 0.07170166075229645,
    "output_hf_ptp": 0.25,
    "output_diff_rms": 0.19980508089065552
  },
  "clip": 10.0,
  "fit_scope": "development train groups only"
}