epoch,train_loss,validation_loss
1,3.9431281089782715,7.386845588684082
2,3.6931772232055664,7.458921909332275
3,3.6818606853485107,7.623849868774414
