epoch,train_loss,validation_loss
1,1.4735677043596904,1.7905824184417725
