epoch,train_loss,validation_loss
1,2.39007830619812,8.644620895385742
2,2.3538119792938232,8.596714973449707
3,2.3444249629974365,8.588313102722168
