{
  "window_auroc": 0.8782806205375556,
  "window_auprc": 0.6657888809857464,
  "prevalence": 0.12328490718321226,
  "validation_auprc": 0.5349132914709984,
  "best_iteration": 2,
  "counts": {
    "train": {
      "rows": 12507,
      "positive": 2133
    },
    "val": {
      "rows": 2536,
      "positive": 730
    },
    "test": {
      "rows": 4956,
      "positive": null
    }
  }
}