{
  "features": [
    "local_x",
    "local_y",
    "local_z",
    "local_vx",
    "local_vy",
    "local_vz",
    "local_ax",
    "local_ay",
    "local_az",
    "roll_deg",
    "pitch_deg",
    "yaw_deg",
    "act_roll",
    "act_pitch",
    "act_yaw",
    "act_thrust",
    "output_mean",
    "output_std",
    "output_range",
    "battery_remaining",
    "vel_test_ratio",
    "pos_test_ratio",
    "hgt_test_ratio",
    "mag_test_ratio",
    "gps_eph",
    "gps_epv",
    "imu_accel_mag_mean",
    "imu_accel_mag_std",
    "imu_accel_mag_rms",
    "imu_accel_mag_ptp",
    "imu_accel_diff_rms",
    "imu_gyro_mag_mean",
    "imu_gyro_mag_std",
    "imu_gyro_mag_rms",
    "imu_gyro_mag_ptp",
    "imu_gyro_diff_rms",
    "output_hf_mean",
    "output_hf_std",
    "output_hf_ptp",
    "output_diff_rms"
  ],
  "medians": {
    "local_x": 0.04922569543123245,
    "local_y": 0.02616087533533573,
    "local_z": -15.025144577026367,
    "local_vx": 0.004524071700870991,
    "local_vy": 0.001079572830349207,
    "local_vz": -0.007950328290462494,
    "local_ax": 0.002813763916492462,
    "local_ay": -0.0008849514415487647,
    "local_az": 0.008402259089052677,
    "roll_deg": -0.16758324205875397,
    "pitch_deg": -0.04069104790687561,
    "yaw_deg": -0.3596443831920624,
    "act_roll": 1.2124004570068792e-05,
    "act_pitch": -0.0003960495814681053,
    "act_yaw": 4.035020538140088e-05,
    "act_thrust": 0.2656235098838806,
    "output_mean": 1334.9166259765625,
    "output_std": 133.4895782470703,
    "output_range": 295.0,
    "battery_remaining": 0.699999988079071,
    "vel_test_ratio": 0.030082309618592262,
    "pos_test_ratio": 0.018128491938114166,
    "hgt_test_ratio": 0.002643819898366928,
    "mag_test_ratio": 0.005070282146334648,
    "gps_eph": 0.29999998211860657,
    "gps_epv": 0.3999999761581421,
    "imu_accel_mag_mean": 9.7997465133667,
    "imu_accel_mag_std": 0.07535778731107712,
    "imu_accel_mag_rms": 9.800972938537598,
    "imu_accel_mag_ptp": 0.2727642059326172,
    "imu_accel_diff_rms": 0.07569295912981033,
    "imu_gyro_mag_mean": 0.010393332690000534,
    "imu_gyro_mag_std": 0.0038429403211921453,
    "imu_gyro_mag_rms": 0.011122431606054306,
    "imu_gyro_mag_ptp": 0.014015138149261475,
    "imu_gyro_diff_rms": 0.0036077764816582203,
    "output_hf_mean": 1334.888916015625,
    "output_hf_std": 0.0443224273622036,
    "output_hf_ptp": 0.1666259765625,
    "output_diff_rms": 0.0833282545208931
  },
  "scales": {
    "local_x": 37.88582992553711,
    "local_y": 0.7170848846435547,
    "local_z": 7.753848075866699,
    "local_vx": 1.6643035411834717,
    "local_vy": 0.02233816124498844,
    "local_vz": 0.5055174231529236,
    "local_ax": 0.07878243923187256,
    "local_ay": 0.06968864053487778,
    "local_az": 0.14333704113960266,
    "roll_deg": 1.4889670610427856,
    "pitch_deg": 10.391545295715332,
    "yaw_deg": 2.5283682346343994,
    "act_roll": 0.000827687093988061,
    "act_pitch": 0.05683364346623421,
    "act_yaw": 0.0006513263797387481,
    "act_thrust": 0.042485564947128296,
    "output_mean": 30.1666259765625,
    "output_std": 116.82453918457031,
    "output_range": 376.0,
    "battery_remaining": 0.18036454916000366,
    "vel_test_ratio": 0.026303287595510483,
    "pos_test_ratio": 0.01195005513727665,
    "hgt_test_ratio": 0.004346675239503384,
    "mag_test_ratio": 0.008080852217972279,
    "gps_eph": 1.0,
    "gps_epv": 1.0,
    "imu_accel_mag_mean": 0.05787849426269531,
    "imu_accel_mag_std": 0.02393069863319397,
    "imu_accel_mag_rms": 0.058391571044921875,
    "imu_accel_mag_ptp": 0.0916900634765625,
    "imu_accel_diff_rms": 0.024843499064445496,
    "imu_gyro_mag_mean": 0.013289423659443855,
    "imu_gyro_mag_std": 0.0025576406624168158,
    "imu_gyro_mag_rms": 0.013975992798805237,
    "imu_gyro_mag_ptp": 0.009250826202332973,
    "imu_gyro_diff_rms": 0.0015048447530716658,
    "output_hf_mean": 30.11328125,
    "output_hf_std": 0.07734882086515427,
    "output_hf_ptp": 0.25,
    "output_diff_rms": 0.2056521475315094
  },
  "clip": 10.0,
  "fit_scope": "development train groups only"
}