{
  "features": [
    "local_x",
    "local_y",
    "local_z",
    "local_vx",
    "local_vy",
    "local_vz",
    "local_ax",
    "local_ay",
    "local_az",
    "roll_deg",
    "pitch_deg",
    "yaw_deg",
    "act_roll",
    "act_pitch",
    "act_yaw",
    "act_thrust",
    "output_mean",
    "output_std",
    "output_range",
    "battery_remaining",
    "vel_test_ratio",
    "pos_test_ratio",
    "hgt_test_ratio",
    "mag_test_ratio",
    "gps_eph",
    "gps_epv",
    "imu_accel_mag_mean",
    "imu_accel_mag_std",
    "imu_accel_mag_rms",
    "imu_accel_mag_ptp",
    "imu_accel_diff_rms",
    "imu_gyro_mag_mean",
    "imu_gyro_mag_std",
    "imu_gyro_mag_rms",
    "imu_gyro_mag_ptp",
    "imu_gyro_diff_rms",
    "output_hf_mean",
    "output_hf_std",
    "output_hf_ptp",
    "output_diff_rms"
  ],
  "medians": {
    "local_x": 0.06854651868343353,
    "local_y": 0.030019685626029968,
    "local_z": -15.016761779785156,
    "local_vx": 0.004178422503173351,
    "local_vy": 0.0006143812788650393,
    "local_vz": -0.0065115708857774734,
    "local_ax": 0.003431216813623905,
    "local_ay": -0.001379920868203044,
    "local_az": 0.00868734810501337,
    "roll_deg": -0.39153382182121277,
    "pitch_deg": -0.040782880038022995,
    "yaw_deg": -1.80841863155365,
    "act_roll": -1.352265644527506e-05,
    "act_pitch": -0.00046027626376599073,
    "act_yaw": 3.500322054605931e-05,
    "act_thrust": 0.2657407820224762,
    "output_mean": 1340.375,
    "output_std": 131.85015869140625,
    "output_range": 293.0,
    "battery_remaining": 0.699999988079071,
    "vel_test_ratio": 0.029925517737865448,
    "pos_test_ratio": 0.01793822832405567,
    "hgt_test_ratio": 0.0025862380862236023,
    "mag_test_ratio": 0.005110342986881733,
    "gps_eph": 0.29999998211860657,
    "gps_epv": 0.3999999761581421,
    "imu_accel_mag_mean": 9.801468849182129,
    "imu_accel_mag_std": 0.07537558674812317,
    "imu_accel_mag_rms": 9.802701950073242,
    "imu_accel_mag_ptp": 0.27280664443969727,
    "imu_accel_diff_rms": 0.07571873813867569,
    "imu_gyro_mag_mean": 0.011011225171387196,
    "imu_gyro_mag_std": 0.00391697883605957,
    "imu_gyro_mag_rms": 0.011775191873311996,
    "imu_gyro_mag_ptp": 0.014314745552837849,
    "imu_gyro_diff_rms": 0.003656902350485325,
    "output_hf_mean": 1340.3333740234375,
    "output_hf_std": 0.04702156037092209,
    "output_hf_ptp": 0.1666259765625,
    "output_diff_rms": 0.08332627266645432
  },
  "scales": {
    "local_x": 34.24544906616211,
    "local_y": 0.8184604644775391,
    "local_z": 6.3611602783203125,
    "local_vx": 1.204611897468567,
    "local_vy": 0.04309557378292084,
    "local_vz": 0.8099046349525452,
    "local_ax": 0.08018386363983154,
    "local_ay": 0.07337349653244019,
    "local_az": 0.14480851590633392,
    "roll_deg": 1.5070754289627075,
    "pitch_deg": 8.548015594482422,
    "yaw_deg": 2.5674681663513184,
    "act_roll": 0.0009075065609067678,
    "act_pitch": 0.049836501479148865,
    "act_yaw": 0.0006988195236772299,
    "act_thrust": 0.04303324222564697,
    "output_mean": 29.333251953125,
    "output_std": 110.11164093017578,
    "output_range": 374.0,
    "battery_remaining": 0.18350404500961304,
    "vel_test_ratio": 0.02543145976960659,
    "pos_test_ratio": 0.011767826974391937,
    "hgt_test_ratio": 0.0043045333586633205,
    "mag_test_ratio": 0.008091816678643227,
    "gps_eph": 1.0,
    "gps_epv": 1.0,
    "imu_accel_mag_mean": 0.06301307678222656,
    "imu_accel_mag_std": 0.024256370961666107,
    "imu_accel_mag_rms": 0.0638875961303711,
    "imu_accel_mag_ptp": 0.09172272682189941,
    "imu_accel_diff_rms": 0.025208473205566406,
    "imu_gyro_mag_mean": 0.01797543466091156,
    "imu_gyro_mag_std": 0.0026560178957879543,
    "imu_gyro_mag_rms": 0.018061425536870956,
    "imu_gyro_mag_ptp": 0.00950572732836008,
    "imu_gyro_diff_rms": 0.001493076328188181,
    "output_hf_mean": 29.3125,
    "output_hf_std": 0.07787042111158371,
    "output_hf_ptp": 0.25,
    "output_diff_rms": 0.21426665782928467
  },
  "clip": 10.0,
  "fit_scope": "development train groups only"
}