epoch,train_loss,validation_loss
1,4.608038266499837,7.473484516143799
2,4.573757489522298,7.302740097045898
3,4.5557905832926435,7.316701412200928
