{
  "n_train_windows": 464285,
  "n_val_windows": 110250,
  "features": [
    "alt",
    "ground_speed_ms",
    "track_deg",
    "vertical_rate_ms",
    "vertical_rate_residual",
    "speed_residual",
    "heading_residual"
  ],
  "dense_ae": {
    "train_loss_history": [
      0.7477878866201636,
      0.6283665106917048,
      0.601582774879094,
      0.5883696620728427,
      0.5787695625446178,
      0.571841522580655,
      0.5669592521947748,
      0.5630172051083915,
      0.5588546659622232,
      0.5538193176313837,
      0.5489569702661647,
      0.5451112402358809,
      0.5415246450193789,
      0.5376001196209952,
      0.53415388479518
    ],
    "val_score_mean": 0.5149903297424316,
    "magnitude_domination_check": {
      "rho_trained_vs_untrained": 0.8102388609413954,
      "rho_trained_vs_magnitude": 0.8303551238770852,
      "rho_threshold": 0.8,
      "magnitude_domination_flagged": true
    },
    "synthetic_check": {
      "vertical_rate_frozen": {
        "n_clean_windows": 506,
        "n_corrupt_windows": 506,
        "mean_clean_score": 0.4129972945725759,
        "mean_corrupt_score": 0.9410368434131411,
        "corrupt_higher": true
      },
      "ground_speed_biased": {
        "n_clean_windows": 506,
        "n_corrupt_windows": 506,
        "mean_clean_score": 0.4129972945725759,
        "mean_corrupt_score": 2.092374227276595,
        "corrupt_higher": true
      },
      "track_frozen": {
        "n_clean_windows": 506,
        "n_corrupt_windows": 506,
        "mean_clean_score": 0.4129972945725759,
        "mean_corrupt_score": 0.4400232417173978,
        "corrupt_higher": true
      },
      "position_ramp_stealthy": {
        "n_clean_windows": 506,
        "n_corrupt_windows": 506,
        "mean_clean_score": 0.4129972945725759,
        "mean_corrupt_score": 0.42397694526564167,
        "corrupt_higher": true
      },
      "altitude_dropout": {
        "n_clean_windows": 506,
        "n_corrupt_windows": 506,
        "mean_clean_score": 0.4129972945725759,
        "mean_corrupt_score": 0.4172052904105793,
        "corrupt_higher": true
      }
    }
  },
  "lstm_ae": {
    "train_loss_history": [
      1.0989381452435927,
      0.7756859076612749,
      0.5753197055073672,
      0.4544256986005307,
      0.356830720568948,
      0.30499688925770524,
      0.2706524679983273,
      0.24187960480322523,
      0.225515523423103,
      0.2135576966412393,
      0.19921106644648692,
      0.1873363795422457,
      0.17103479561377116,
      0.16423069517932917,
      0.16054860086530495
    ],
    "val_score_mean": 0.15591411292552948,
    "magnitude_domination_check": {
      "rho_trained_vs_untrained": 0.7699353940680642,
      "rho_trained_vs_magnitude": 0.7988096197242475,
      "rho_threshold": 0.8,
      "magnitude_domination_flagged": false
    },
    "synthetic_check": {
      "vertical_rate_frozen": {
        "n_clean_windows": 506,
        "n_corrupt_windows": 506,
        "mean_clean_score": 0.14146808400867955,
        "mean_corrupt_score": 0.18139341944026147,
        "corrupt_higher": true
      },
      "ground_speed_biased": {
        "n_clean_windows": 506,
        "n_corrupt_windows": 506,
        "mean_clean_score": 0.14146808400867955,
        "mean_corrupt_score": 1.52014677693125,
        "corrupt_higher": true
      },
      "track_frozen": {
        "n_clean_windows": 506,
        "n_corrupt_windows": 506,
        "mean_clean_score": 0.14146808400867955,
        "mean_corrupt_score": 0.1638683805632379,
        "corrupt_higher": true
      },
      "position_ramp_stealthy": {
        "n_clean_windows": 506,
        "n_corrupt_windows": 506,
        "mean_clean_score": 0.14146808400867955,
        "mean_corrupt_score": 0.15280422479422254,
        "corrupt_higher": true
      },
      "altitude_dropout": {
        "n_clean_windows": 506,
        "n_corrupt_windows": 506,
        "mean_clean_score": 0.14146808400867955,
        "mean_corrupt_score": 0.14531320537782821,
        "corrupt_higher": true
      }
    }
  },
  "usad": {
    "train_loss_history": [
      {
        "epoch": 1,
        "loss1": 0.7759893442057317,
        "loss2": 0.7776011315089139
      },
      {
        "epoch": 2,
        "loss1": 40.051328565182466,
        "loss2": -9.82689469594212
      },
      {
        "epoch": 3,
        "loss1": 110442.01172737277,
        "loss2": -54782.14200582679
      },
      {
        "epoch": 4,
        "loss1": 3353335.086578287,
        "loss2": -2261794.4412911115
      },
      {
        "epoch": 5,
        "loss1": 30853526.272862572,
        "loss2": -22960286.579751663
      },
      {
        "epoch": 6,
        "loss1": 135062647.58117104,
        "loss2": -107191522.50935525
      },
      {
        "epoch": 7,
        "loss1": 379401162.0174333,
        "loss2": -313639443.50925833
      },
      {
        "epoch": 8,
        "loss1": 874142410.8618801,
        "loss2": -744796367.0306299
      },
      {
        "epoch": 9,
        "loss1": 1740732141.311341,
        "loss2": -1517309208.9686637
      },
      {
        "epoch": 10,
        "loss1": 3119384929.9106197,
        "loss2": -2754543254.6815166
      },
      {
        "epoch": 11,
        "loss1": 4979049841.775634,
        "loss2": -4437803802.75598
      },
      {
        "epoch": 12,
        "loss1": 7853652476.350931,
        "loss2": -7110161844.139285
      },
      {
        "epoch": 13,
        "loss1": 11870560265.239016,
        "loss2": -10841620104.303589
      },
      {
        "epoch": 14,
        "loss1": 16728432660.55565,
        "loss2": -15368531636.648214
      },
      {
        "epoch": 15,
        "loss1": 23105779208.52773,
        "loss2": -21363066178.83178
      }
    ],
    "val_score_mean": 14195383296.0,
    "magnitude_domination_check": {
      "rho_trained_vs_untrained": -0.05905538411365095,
      "rho_trained_vs_magnitude": -0.04842698349840935,
      "rho_threshold": 0.8,
      "magnitude_domination_flagged": false
    },
    "synthetic_check": {
      "vertical_rate_frozen": {
        "n_clean_windows": 506,
        "n_corrupt_windows": 506,
        "mean_clean_score": 14213211933.343874,
        "mean_corrupt_score": 14203983588.679842,
        "corrupt_higher": false
      },
      "ground_speed_biased": {
        "n_clean_windows": 506,
        "n_corrupt_windows": 506,
        "mean_clean_score": 14213211933.343874,
        "mean_corrupt_score": 14109670223.936758,
        "corrupt_higher": false
      },
      "track_frozen": {
        "n_clean_windows": 506,
        "n_corrupt_windows": 506,
        "mean_clean_score": 14213211933.343874,
        "mean_corrupt_score": 14176786731.509882,
        "corrupt_higher": false
      },
      "position_ramp_stealthy": {
        "n_clean_windows": 506,
        "n_corrupt_windows": 506,
        "mean_clean_score": 14213211933.343874,
        "mean_corrupt_score": 14193164150.387352,
        "corrupt_higher": false
      },
      "altitude_dropout": {
        "n_clean_windows": 506,
        "n_corrupt_windows": 506,
        "mean_clean_score": 14213211933.343874,
        "mean_corrupt_score": 14179797206.513834,
        "corrupt_higher": false
      }
    }
  },
  "lstm_forecaster": {
    "train_loss_history": [
      1.4390921252473527,
      1.416462972804331,
      1.411225632230122,
      1.4082198611410568,
      1.40609315627342,
      1.404486741680937,
      1.40304452403819,
      1.401900598358553,
      1.4009477419544432,
      1.400033229153293,
      1.3994216006424307,
      1.3988218853413248,
      1.3982825342146896,
      1.397816402432232,
      1.3974627386731935
    ],
    "val_score_mean": 1.3877406120300293,
    "magnitude_domination_check": {
      "rho_trained_vs_untrained": 0.9016841652008825,
      "rho_trained_vs_magnitude": 0.8920974923829198,
      "rho_threshold": 0.8,
      "magnitude_domination_flagged": true
    },