{
  "features": [
    "local_x",
    "local_y",
    "local_z",
    "local_vx",
    "local_vy",
    "local_vz",
    "local_ax",
    "local_ay",
    "local_az",
    "roll_deg",
    "pitch_deg",
    "yaw_deg",
    "act_roll",
    "act_pitch",
    "act_yaw",
    "act_thrust",
    "output_mean",
    "output_std",
    "output_range",
    "battery_remaining",
    "vel_test_ratio",
    "pos_test_ratio",
    "hgt_test_ratio",
    "mag_test_ratio",
    "gps_eph",
    "gps_epv",
    "imu_accel_mag_mean",
    "imu_accel_mag_std",
    "imu_accel_mag_rms",
    "imu_accel_mag_ptp",
    "imu_accel_diff_rms",
    "imu_gyro_mag_mean",
    "imu_gyro_mag_std",
    "imu_gyro_mag_rms",
    "imu_gyro_mag_ptp",
    "imu_gyro_diff_rms",
    "output_hf_mean",
    "output_hf_std",
    "output_hf_ptp",
    "output_diff_rms"
  ],
  "medians": {
    "local_x": 7.538397789001465,
    "local_y": 0.049995653331279755,
    "local_z": -14.996654510498047,
    "local_vx": 0.008769996464252472,
    "local_vy": -8.132419316098094e-05,
    "local_vz": -0.005404355004429817,
    "local_ax": 0.0028744295705109835,
    "local_ay": -0.0021631866693496704,
    "local_az": 0.010578721761703491,
    "roll_deg": -0.18434201180934906,
    "pitch_deg": -1.7917299270629883,
    "yaw_deg": -0.8210731744766235,
    "act_roll": -1.8625734810484573e-05,
    "act_pitch": -0.013291137292981148,
    "act_yaw": 4.968829307472333e-05,
    "act_thrust": 0.2651823163032532,
    "output_mean": 1340.0,
    "output_std": 134.2609405517578,
    "output_range": 300.0,
    "battery_remaining": 0.699999988079071,
    "vel_test_ratio": 0.031237974762916565,
    "pos_test_ratio": 0.018276158720254898,
    "hgt_test_ratio": 0.0024639174807816744,
    "mag_test_ratio": 0.0055463071912527084,
    "gps_eph": 0.29999998211860657,
    "gps_epv": 0.3999999761581421,
    "imu_accel_mag_mean": 9.801641464233398,
    "imu_accel_mag_std": 0.07508525252342224,
    "imu_accel_mag_rms": 9.802889823913574,
    "imu_accel_mag_ptp": 0.27196693420410156,
    "imu_accel_diff_rms": 0.07541871070861816,
    "imu_gyro_mag_mean": 0.013996453024446964,
    "imu_gyro_mag_std": 0.0040917424485087395,
    "imu_gyro_mag_rms": 0.01486542820930481,
    "imu_gyro_mag_ptp": 0.014936466701328754,
    "imu_gyro_diff_rms": 0.0037356808315962553,
    "output_hf_mean": 1340.0,
    "output_hf_std": 0.04794742539525032,
    "output_hf_ptp": 0.1666259765625,
    "output_diff_rms": 0.0849868655204773
  },
  "scales": {
    "local_x": 47.759849548339844,
    "local_y": 1.13264799118042,
    "local_z": 5.3879194259643555,
    "local_vx": 2.0790655612945557,
    "local_vy": 0.11660070717334747,
    "local_vz": 0.17081493139266968,
    "local_ax": 0.09588998556137085,
    "local_ay": 0.08383138477802277,
    "local_az": 0.14459501206874847,
    "roll_deg": 1.466914176940918,
    "pitch_deg": 13.223657608032227,
    "yaw_deg": 2.9876062870025635,
    "act_roll": 0.0010274610249325633,
    "act_pitch": 0.06068788841366768,
    "act_yaw": 0.0007946256082504988,
    "act_thrust": 0.029958903789520264,
    "output_mean": 29.1666259765625,
    "output_std": 109.867919921875,
    "output_range": 371.0,
    "battery_remaining": 0.19844526052474976,
    "vel_test_ratio": 0.028039203956723213,
    "pos_test_ratio": 0.01240440271794796,
    "hgt_test_ratio": 0.003935324959456921,
    "mag_test_ratio": 0.008942878805100918,
    "gps_eph": 1.0,
    "gps_epv": 1.0,
    "imu_accel_mag_mean": 0.06441307067871094,
    "imu_accel_mag_std": 0.024270862340927124,
    "imu_accel_mag_rms": 0.06538581848144531,
    "imu_accel_mag_ptp": 0.09221506118774414,
    "imu_accel_diff_rms": 0.02503553032875061,
    "imu_gyro_mag_mean": 0.07841834425926208,
    "imu_gyro_mag_std": 0.002919128630310297,
    "imu_gyro_mag_rms": 0.08022439479827881,
    "imu_gyro_mag_ptp": 0.010336456820368767,
    "imu_gyro_diff_rms": 0.001527600223198533,
    "output_hf_mean": 29.1533203125,
    "output_hf_std": 0.08024315536022186,
    "output_hf_ptp": 0.25,
    "output_diff_rms": 0.21378260850906372
  },
  "clip": 10.0,
  "fit_scope": "development train groups only"
}