{
  "version": 1,
  "fit_policy": "split_00 normal-train only; fixed during inference",
  "columns": {
    "gps_speed_residual": {
      "center": 0.03009833042044141,
      "sigma": 0.030322785587624683,
      "k": 0.015161392793812341
    },
    "hdop": {
      "center": 0.6599999666213989,
      "sigma": 0.044477957582473755,
      "k": 0.022238978791236878
    },
    "noise_per_ms": {
      "center": 90.0,
      "sigma": 13.343399999999999,
      "k": 6.6716999999999995
    },
    "pos_test_ratio": {
      "center": 0.018263252452015877,
      "sigma": 0.014306481626629829,
      "k": 0.0071532408133149145
    },
    "vel_test_ratio": {
      "center": 0.027818165719509125,
      "sigma": 0.018665015003085136,
      "k": 0.009332507501542568
    },
    "hgt_test_ratio": {
      "center": 0.011780635453760624,
      "sigma": 0.012411402698792517,
      "k": 0.0062057013493962586
    },
    "alt_local_residual": {
      "center": 0.0,
      "sigma": 0.00021265759637111224,
      "k": 0.00010632879818555612
    },
    "attitude_error_mag": {
      "center": 0.7134027488300493,
      "sigma": 0.7243641203779052,
      "k": 0.3621820601889526
    },
    "actuator_output_std": {
      "center": 36.29393888791901,
      "sigma": 16.53187927792889,
      "k": 8.265939638964445
    },
    "actuator_output_range": {
      "center": 88.0,
      "sigma": 40.0302,
      "k": 20.0151
    }
  }
}