{
  "version": 1,
  "fit_policy": "split_00 normal-train only; fixed during inference",
  "columns": {
    "gps_speed_residual": {
      "center": 0.08518325382191272,
      "sigma": 0.10623438523983296,
      "k": 0.05311719261991648
    },
    "hdop": {
      "center": 99.98999786376953,
      "sigma": 48.44415586840049,
      "k": 24.222077934200247
    },
    "noise_per_ms": {
      "center": 99.0,
      "sigma": 2.9652,
      "k": 1.4826
    },
    "pos_test_ratio": {
      "center": 0.034439247101545334,
      "sigma": 0.04908080596849322,
      "k": 0.02454040298424661
    },
    "vel_test_ratio": {
      "center": 0.0,
      "sigma": 0.048548697974090435,
      "k": 0.024274348987045218
    },
    "hgt_test_ratio": {
      "center": 0.017202865332365036,
      "sigma": 0.02228188580358401,
      "k": 0.011140942901792005
    },
    "alt_baro_residual": {
      "center": 0.0,
      "sigma": 0.0,
      "k": 0.0
    },
    "alt_local_residual": {
      "center": 0.0,
      "sigma": 0.02022420314532677,
      "k": 0.010112101572663386
    },
    "attitude_error_mag": {
      "center": 1.3614045098000043,
      "sigma": 1.079878876171341,
      "k": 0.5399394380856705
    }
  }
}