{
  "features": [
    "local_x",
    "local_y",
    "local_z",
    "local_vx",
    "local_vy",
    "local_vz",
    "local_ax",
    "local_ay",
    "local_az",
    "roll_deg",
    "pitch_deg",
    "yaw_deg",
    "act_roll",
    "act_pitch",
    "act_yaw",
    "act_thrust",
    "output_mean",
    "output_std",
    "output_range",
    "battery_remaining",
    "vel_test_ratio",
    "pos_test_ratio",
    "hgt_test_ratio",
    "mag_test_ratio",
    "gps_eph",
    "gps_epv",
    "imu_accel_mag_mean",
    "imu_accel_mag_std",
    "imu_accel_mag_rms",
    "imu_accel_mag_ptp",
    "imu_accel_diff_rms",
    "imu_gyro_mag_mean",
    "imu_gyro_mag_std",
    "imu_gyro_mag_rms",
    "imu_gyro_mag_ptp",
    "imu_gyro_diff_rms",
    "output_hf_mean",
    "output_hf_std",
    "output_hf_ptp",
    "output_diff_rms"
  ],
  "medians": {
    "local_x": 0.0770176574587822,
    "local_y": 0.11120262742042542,
    "local_z": -15.030683517456055,
    "local_vx": 0.0023542887065559626,
    "local_vy": 0.0011301194317638874,
    "local_vz": -0.004791566636413336,
    "local_ax": 0.0013297118712216616,
    "local_ay": -0.0012410065392032266,
    "local_az": 0.006829284131526947,
    "roll_deg": -0.2390373945236206,
    "pitch_deg": -0.043421026319265366,
    "yaw_deg": -1.6824424266815186,
    "act_roll": -3.190102506778203e-05,
    "act_pitch": -0.0005214790580794215,
    "act_yaw": 4.175259527983144e-05,
    "act_thrust": 0.2651064395904541,
    "output_mean": 1334.75,
    "output_std": 139.33377075195312,
    "output_range": 318.0,
    "battery_remaining": 0.699999988079071,
    "vel_test_ratio": 0.02785305678844452,
    "pos_test_ratio": 0.017046619206666946,
    "hgt_test_ratio": 0.0021886033937335014,
    "mag_test_ratio": 0.004856942221522331,
    "gps_eph": 0.29999998211860657,
    "gps_epv": 0.3999999761581421,
    "imu_accel_mag_mean": 9.80348014831543,
    "imu_accel_mag_std": 0.07585296034812927,
    "imu_accel_mag_rms": 9.804581642150879,
    "imu_accel_mag_ptp": 0.2748293876647949,
    "imu_accel_diff_rms": 0.07651539146900177,
    "imu_gyro_mag_mean": 0.012095380574464798,
    "imu_gyro_mag_std": 0.00392958102747798,
    "imu_gyro_mag_rms": 0.012907681986689568,
    "imu_gyro_mag_ptp": 0.014368370175361633,
    "imu_gyro_diff_rms": 0.0036757008638232946,
    "output_hf_mean": 1334.7742919921875,
    "output_hf_std": 0.04808668792247772,
    "output_hf_ptp": 0.1666259765625,
    "output_diff_rms": 0.07948819547891617
  },
  "scales": {
    "local_x": 26.911678314208984,
    "local_y": 1.0286834239959717,
    "local_z": 5.259507179260254,
    "local_vx": 0.06771089136600494,
    "local_vy": 0.05114369839429855,
    "local_vz": 0.44369274377822876,
    "local_ax": 0.08169017732143402,
    "local_ay": 0.08147837221622467,
    "local_az": 0.13956701755523682,
    "roll_deg": 1.4852616786956787,
    "pitch_deg": 5.845891952514648,
    "yaw_deg": 2.502845048904419,
    "act_roll": 0.0009857985423877835,
    "act_pitch": 0.03392508998513222,
    "act_yaw": 0.000763148011174053,
    "act_thrust": 0.016106992959976196,
    "output_mean": 25.166748046875,
    "output_std": 105.59336853027344,
    "output_range": 365.0,
    "battery_remaining": 0.15437883138656616,
    "vel_test_ratio": 0.02036707103252411,
    "pos_test_ratio": 0.010714886710047722,
    "hgt_test_ratio": 0.003365874756127596,
    "mag_test_ratio": 0.007174535188823938,
    "gps_eph": 1.0,
    "gps_epv": 1.0,
    "imu_accel_mag_mean": 0.06157207489013672,
    "imu_accel_mag_std": 0.022478625178337097,
    "imu_accel_mag_rms": 0.06247234344482422,
    "imu_accel_mag_ptp": 0.08536911010742188,
    "imu_accel_diff_rms": 0.023504264652729034,
    "imu_gyro_mag_mean": 0.03175269812345505,
    "imu_gyro_mag_std": 0.002240988425910473,
    "imu_gyro_mag_rms": 0.03313040733337402,
    "imu_gyro_mag_ptp": 0.00817869696766138,
    "imu_gyro_diff_rms": 0.0013652322813868523,
    "output_hf_mean": 24.9771728515625,
    "output_hf_std": 0.07370298355817795,
    "output_hf_ptp": 0.25,
    "output_diff_rms": 0.11899273097515106
  },
  "clip": 10.0,
  "fit_scope": "development train groups only"
}