{
  "features": [
    "local_x",
    "local_y",
    "local_z",
    "local_vx",
    "local_vy",
    "local_vz",
    "local_ax",
    "local_ay",
    "local_az",
    "roll_deg",
    "pitch_deg",
    "yaw_deg",
    "act_roll",
    "act_pitch",
    "act_yaw",
    "act_thrust",
    "output_mean",
    "output_std",
    "output_range",
    "battery_remaining",
    "vel_test_ratio",
    "pos_test_ratio",
    "hgt_test_ratio",
    "mag_test_ratio",
    "gps_eph",
    "gps_epv",
    "imu_accel_mag_mean",
    "imu_accel_mag_std",
    "imu_accel_mag_rms",
    "imu_accel_mag_ptp",
    "imu_accel_diff_rms",
    "imu_gyro_mag_mean",
    "imu_gyro_mag_std",
    "imu_gyro_mag_rms",
    "imu_gyro_mag_ptp",
    "imu_gyro_diff_rms",
    "output_hf_mean",
    "output_hf_std",
    "output_hf_ptp",
    "output_diff_rms"
  ],
  "medians": {
    "local_x": 0.0960598960518837,
    "local_y": 0.05556226521730423,
    "local_z": -15.017854690551758,
    "local_vx": 0.004433874506503344,
    "local_vy": 0.0007755793049000204,
    "local_vz": -0.004351997282356024,
    "local_ax": 0.0028650127351284027,
    "local_ay": -0.0008870258461683989,
    "local_az": 0.008403322659432888,
    "roll_deg": -0.359732061624527,
    "pitch_deg": -0.061091210693120956,
    "yaw_deg": -2.0138018131256104,
    "act_roll": 1.422740751877427e-07,
    "act_pitch": -0.0006233141175471246,
    "act_yaw": 2.902862979681231e-05,
    "act_thrust": 0.26525235176086426,
    "output_mean": 1339.6666259765625,
    "output_std": 137.28802490234375,
    "output_range": 307.0,
    "battery_remaining": 0.699999988079071,
    "vel_test_ratio": 0.029385069385170937,
    "pos_test_ratio": 0.017443519085645676,
    "hgt_test_ratio": 0.0023851492442190647,
    "mag_test_ratio": 0.004821603652089834,
    "gps_eph": 0.29999998211860657,
    "gps_epv": 0.3999999761581421,
    "imu_accel_mag_mean": 9.801932334899902,
    "imu_accel_mag_std": 0.07501553744077682,
    "imu_accel_mag_rms": 9.803004264831543,
    "imu_accel_mag_ptp": 0.27146148681640625,
    "imu_accel_diff_rms": 0.07521934062242508,
    "imu_gyro_mag_mean": 0.01164280530065298,
    "imu_gyro_mag_std": 0.00390122109092772,
    "imu_gyro_mag_rms": 0.012438208796083927,
    "imu_gyro_mag_ptp": 0.014249955303966999,
    "imu_gyro_diff_rms": 0.003634973196312785,
    "output_hf_mean": 1339.6666259765625,
    "output_hf_std": 0.04489828646183014,
    "output_hf_ptp": 0.1666259765625,
    "output_diff_rms": 0.08157703280448914
  },
  "scales": {
    "local_x": 35.06410217285156,
    "local_y": 0.9228499531745911,
    "local_z": 5.151761054992676,
    "local_vx": 1.1471641063690186,
    "local_vy": 0.04335843771696091,
    "local_vz": 0.22430075705051422,
    "local_ax": 0.08050232380628586,
    "local_ay": 0.07328376173973083,
    "local_az": 0.1414695680141449,
    "roll_deg": 1.4911143779754639,
    "pitch_deg": 8.91952896118164,
    "yaw_deg": 2.6103978157043457,
    "act_roll": 0.0008730381960049272,
    "act_pitch": 0.0441889688372612,
    "act_yaw": 0.0007245279848575592,
    "act_thrust": 0.018795430660247803,
    "output_mean": 27.75,
    "output_std": 104.65736389160156,
    "output_range": 364.0,
    "battery_remaining": 0.14704769849777222,
    "vel_test_ratio": 0.02439655363559723,
    "pos_test_ratio": 0.011205540969967842,
    "hgt_test_ratio": 0.003777836449444294,
    "mag_test_ratio": 0.0070060621947050095,
    "gps_eph": 1.0,
    "gps_epv": 1.0,
    "imu_accel_mag_mean": 0.06317520141601562,
    "imu_accel_mag_std": 0.022799544036388397,
    "imu_accel_mag_rms": 0.0638427734375,
    "imu_accel_mag_ptp": 0.08676719665527344,
    "imu_accel_diff_rms": 0.02381294220685959,
    "imu_gyro_mag_mean": 0.01899227499961853,
    "imu_gyro_mag_std": 0.002312959637492895,
    "imu_gyro_mag_rms": 0.018970981240272522,
    "imu_gyro_mag_ptp": 0.008344028145074844,
    "imu_gyro_diff_rms": 0.001386677147820592,
    "output_hf_mean": 27.6236572265625,
    "output_hf_std": 0.07562120258808136,
    "output_hf_ptp": 0.25,
    "output_diff_rms": 0.1785106658935547
  },
  "clip": 10.0,
  "fit_scope": "development train groups only"
}