{
  "features": [
    "local_x",
    "local_y",
    "local_z",
    "local_vx",
    "local_vy",
    "local_vz",
    "local_ax",
    "local_ay",
    "local_az",
    "roll_deg",
    "pitch_deg",
    "yaw_deg",
    "act_roll",
    "act_pitch",
    "act_yaw",
    "act_thrust",
    "output_mean",
    "output_std",
    "output_range",
    "battery_remaining",
    "vel_test_ratio",
    "pos_test_ratio",
    "hgt_test_ratio",
    "mag_test_ratio",
    "gps_eph",
    "gps_epv",
    "imu_accel_mag_mean",
    "imu_accel_mag_std",
    "imu_accel_mag_rms",
    "imu_accel_mag_ptp",
    "imu_accel_diff_rms",
    "imu_gyro_mag_mean",
    "imu_gyro_mag_std",
    "imu_gyro_mag_rms",
    "imu_gyro_mag_ptp",
    "imu_gyro_diff_rms",
    "output_hf_mean",
    "output_hf_std",
    "output_hf_ptp",
    "output_diff_rms"
  ],
  "medians": {
    "local_x": 0.09975633025169373,
    "local_y": 0.054603446274995804,
    "local_z": -15.01549243927002,
    "local_vx": 0.004857469350099564,
    "local_vy": 0.0013394649140536785,
    "local_vz": -0.005960486829280853,
    "local_ax": 0.0016879989998415112,
    "local_ay": -0.0008871786994859576,
    "local_az": 0.008207625709474087,
    "roll_deg": -0.1537918597459793,
    "pitch_deg": -0.09182297438383102,
    "yaw_deg": -0.4480466842651367,
    "act_roll": 1.9427881852607243e-05,
    "act_pitch": -0.0007533691823482513,
    "act_yaw": 5.980585774523206e-05,
    "act_thrust": 0.2652234733104706,
    "output_mean": 1334.3333740234375,
    "output_std": 133.9115447998047,
    "output_range": 298.0,
    "battery_remaining": 0.699999988079071,
    "vel_test_ratio": 0.02953513152897358,
    "pos_test_ratio": 0.017787747085094452,
    "hgt_test_ratio": 0.002455940702930093,
    "mag_test_ratio": 0.005188812967389822,
    "gps_eph": 0.29999998211860657,
    "gps_epv": 0.3999999761581421,
    "imu_accel_mag_mean": 9.801159858703613,
    "imu_accel_mag_std": 0.07591265439987183,
    "imu_accel_mag_rms": 9.802483558654785,
    "imu_accel_mag_ptp": 0.2750120162963867,
    "imu_accel_diff_rms": 0.07633756101131439,
    "imu_gyro_mag_mean": 0.011647664941847324,
    "imu_gyro_mag_std": 0.003952482249587774,
    "imu_gyro_mag_rms": 0.01243847981095314,
    "imu_gyro_mag_ptp": 0.014448153786361217,
    "imu_gyro_diff_rms": 0.003670558799058199,
    "output_hf_mean": 1334.32666015625,
    "output_hf_std": 0.04794742539525032,
    "output_hf_ptp": 0.1666259765625,
    "output_diff_rms": 0.08333497494459152
  },
  "scales": {
    "local_x": 40.14495849609375,
    "local_y": 0.8948129415512085,
    "local_z": 5.829283714294434,
    "local_vx": 1.3355076313018799,
    "local_vy": 0.03545565530657768,
    "local_vz": 0.16073355078697205,
    "local_ax": 0.0872650295495987,
    "local_ay": 0.07759666442871094,
    "local_az": 0.14481495320796967,
    "roll_deg": 1.475551724433899,
    "pitch_deg": 10.532493591308594,
    "yaw_deg": 2.7309484481811523,
    "act_roll": 0.0008976265089586377,
    "act_pitch": 0.05311799421906471,
    "act_yaw": 0.0007334250258281827,
    "act_thrust": 0.02377411723136902,
    "output_mean": 29.0833740234375,
    "output_std": 110.72171783447266,
    "output_range": 375.0,
    "battery_remaining": 0.18412941694259644,
    "vel_test_ratio": 0.024708544835448265,
    "pos_test_ratio": 0.011792952194809914,
    "hgt_test_ratio": 0.003949202597141266,
    "mag_test_ratio": 0.008152763359248638,
    "gps_eph": 1.0,
    "gps_epv": 1.0,
    "imu_accel_mag_mean": 0.059456825256347656,
    "imu_accel_mag_std": 0.024122968316078186,
    "imu_accel_mag_rms": 0.06032562255859375,
    "imu_accel_mag_ptp": 0.09208393096923828,
    "imu_accel_diff_rms": 0.024909891188144684,
    "imu_gyro_mag_mean": 0.05120358616113663,
    "imu_gyro_mag_std": 0.0026135395746678114,
    "imu_gyro_mag_rms": 0.05293885990977287,
    "imu_gyro_mag_ptp": 0.009378913789987564,
    "imu_gyro_diff_rms": 0.0015086405910551548,
    "output_hf_mean": 29.046630859375,
    "output_hf_std": 0.08009852468967438,
    "output_hf_ptp": 0.25,
    "output_diff_rms": 0.1859656125307083
  },
  "clip": 10.0,
  "fit_scope": "development train groups only"
}