{
  "features": [
    "local_x",
    "local_y",
    "local_z",
    "local_vx",
    "local_vy",
    "local_vz",
    "local_ax",
    "local_ay",
    "local_az",
    "roll_deg",
    "pitch_deg",
    "yaw_deg",
    "act_roll",
    "act_pitch",
    "act_yaw",
    "act_thrust",
    "output_mean",
    "output_std",
    "output_range",
    "battery_remaining",
    "vel_test_ratio",
    "pos_test_ratio",
    "hgt_test_ratio",
    "mag_test_ratio",
    "gps_eph",
    "gps_epv",
    "imu_accel_mag_mean",
    "imu_accel_mag_std",
    "imu_accel_mag_rms",
    "imu_accel_mag_ptp",
    "imu_accel_diff_rms",
    "imu_gyro_mag_mean",
    "imu_gyro_mag_std",
    "imu_gyro_mag_rms",
    "imu_gyro_mag_ptp",
    "imu_gyro_diff_rms",
    "output_hf_mean",
    "output_hf_std",
    "output_hf_ptp",
    "output_diff_rms"
  ],
  "medians": {
    "local_x": 0.09603001177310944,
    "local_y": 0.053946658968925476,
    "local_z": -15.015640258789062,
    "local_vx": 0.0048157148994505405,
    "local_vy": 0.0012927501229569316,
    "local_vz": -0.005908080376684666,
    "local_ax": 0.0018275597831234336,
    "local_ay": -0.0009301492827944458,
    "local_az": 0.008230849169194698,
    "roll_deg": -0.1467515528202057,
    "pitch_deg": -0.09073536843061447,
    "yaw_deg": -0.4311087727546692,
    "act_roll": 1.8621358321979642e-05,
    "act_pitch": -0.0007397056324407458,
    "act_yaw": 6.014380051055923e-05,
    "act_thrust": 0.26523566246032715,
    "output_mean": 1334.5,
    "output_std": 133.7844696044922,
    "output_range": 298.0,
    "battery_remaining": 0.699999988079071,
    "vel_test_ratio": 0.029574992135167122,
    "pos_test_ratio": 0.01778370514512062,
    "hgt_test_ratio": 0.0024527364876121283,
    "mag_test_ratio": 0.005169333424419165,
    "gps_eph": 0.29999998211860657,
    "gps_epv": 0.3999999761581421,
    "imu_accel_mag_mean": 9.801111221313477,
    "imu_accel_mag_std": 0.07578641176223755,
    "imu_accel_mag_rms": 9.802420616149902,
    "imu_accel_mag_ptp": 0.2744426727294922,
    "imu_accel_diff_rms": 0.07623131573200226,
    "imu_gyro_mag_mean": 0.01161201111972332,
    "imu_gyro_mag_std": 0.0039485786110162735,
    "imu_gyro_mag_rms": 0.012399218045175076,
    "imu_gyro_mag_ptp": 0.014428691938519478,
    "imu_gyro_diff_rms": 0.0036682153586298227,
    "output_hf_mean": 1334.4908447265625,
    "output_hf_std": 0.047351233661174774,
    "output_hf_ptp": 0.1666259765625,
    "output_diff_rms": 0.0833384320139885
  },
  "scales": {
    "local_x": 40.05048751831055,
    "local_y": 0.8868509531021118,
    "local_z": 5.840170860290527,
    "local_vx": 1.335789680480957,
    "local_vy": 0.034848395735025406,
    "local_vz": 0.16137196123600006,
    "local_ax": 0.0871022641658783,
    "local_ay": 0.07739178091287613,
    "local_az": 0.14445342123508453,
    "roll_deg": 1.4743647575378418,
    "pitch_deg": 10.910972595214844,
    "yaw_deg": 2.693307638168335,
    "act_roll": 0.0008935002842918038,
    "act_pitch": 0.05395858734846115,
    "act_yaw": 0.00072959263343364,
    "act_thrust": 0.02392306923866272,
    "output_mean": 29.1666259765625,
    "output_std": 110.72171783447266,
    "output_range": 375.0,
    "battery_remaining": 0.1791413426399231,
    "vel_test_ratio": 0.024866022169589996,
    "pos_test_ratio": 0.01178687158972025,
    "hgt_test_ratio": 0.0039381058886647224,
    "mag_test_ratio": 0.008100943639874458,
    "gps_eph": 1.0,
    "gps_epv": 1.0,
    "imu_accel_mag_mean": 0.059348106384277344,
    "imu_accel_mag_std": 0.024011895060539246,
    "imu_accel_mag_rms": 0.060202598571777344,
    "imu_accel_mag_ptp": 0.0914301872253418,
    "imu_accel_diff_rms": 0.024873889982700348,
    "imu_gyro_mag_mean": 0.04896177351474762,
    "imu_gyro_mag_std": 0.0026112545747309923,
    "imu_gyro_mag_rms": 0.0509982705116272,
    "imu_gyro_mag_ptp": 0.009366299025714397,
    "imu_gyro_diff_rms": 0.0015058033168315887,
    "output_hf_mean": 29.1370849609375,
    "output_hf_std": 0.07976824045181274,
    "output_hf_ptp": 0.25,
    "output_diff_rms": 0.1869790256023407
  },
  "clip": 10.0,
  "fit_scope": "development train groups only"
}